id,color,weight_0,weight_1,weight_2,weight_3,weight_4,weight_5,weight_6,weight_7,weight_8,0_reward,1_reward,2_reward,3_reward,2,0,1,3
732315,#447ba0,-0.48019146745492036,0.33783008765350353,0.303681008900909,-0.21056099096299835,-0.5778167403937253,0.2238643340212316,-0.35257407745186375,0.06772754545688604,-0.07645897165457971,0.018562391594784292,-0.08355252683745958,-0.21732470458384806,-0.5179744087665971,1,2,3,4
