id,choice,color,block,weights,trajectories,rewards
7645,"{2: 1, 1: 4, 0: 2, 3: 3}",#bb8bb0,1,"[-0.32714125  0.25778596  0.68010007 -0.21371967  0.47065449  0.16493434
 -0.1781463   0.19420679 -0.01189283]","[[(100, 0, 0), (86.5033242995572, 4.278779363946626, -13.187362635701177), (81.47556031465275, 12.055841680407582, -1.2218542052598451), (65.11527221896569, 27.01168885400716, -9.094152476696507), (47.45650840298987, 29.28877336027503, -18.348450145905687), (46.5526341395092, 48.094592101718945, -14.57007576649842), (43.08565934813569, 55.36942724702794, -17.608409360170697), (37.25414408454593, 55.303704170984986, -26.65233669860031), (0, 0, 0)], [array([100,   0,   0]), array([95.4164401 , -5.66155945, -0.55528574]), array([ 86.5033243 ,   4.27877936, -13.18736264]), array([81.47556031, 12.05584168, -1.22185421]), array([73.66856851, 10.00896082, -8.22569993]), array([65.11527222, 27.01168885, -9.09415248]), array([ 54.46770386,  34.27225447, -16.2455712 ]), array([ 47.4565084 ,  29.28877336, -18.34845015]), array([ 46.55263414,  48.0945921 , -14.57007577]), array([ 37.25414408,  55.30370417, -26.6523367 ]), array([0, 0, 0])], [array([100,   0,   0]), array([81.82112322, 20.82152182,  9.97087504]), array([81.47556031, 12.05584168, -1.22185421]), array([73.66856851, 10.00896082, -8.22569993]), array([65.11527222, 27.01168885, -9.09415248]), array([ 47.4565084 ,  29.28877336, -18.34845015]), array([ 40.2502224 ,  38.05725113, -23.94571397]), array([ 31.17578311,  46.04964637, -20.31874845]), array([ 22.68414526,  39.64323761, -19.08887407]), array([0, 0, 0])], [array([100,   0,   0]), array([95.4164401 , -5.66155945, -0.55528574]), array([81.47556031, 12.05584168, -1.22185421]), array([73.66856851, 10.00896082, -8.22569993]), array([65.11527222, 27.01168885, -9.09415248]), array([ 54.46770386,  34.27225447, -16.2455712 ]), array([ 46.55263414,  48.0945921 , -14.57007577]), array([ 35.45289713,  48.98157443, -11.08499065]), array([0, 0, 0])]]","[1.389061574430354, 1.3669639523983526, 1.3656864561469177, 1.364046027441531]"
