id,color,weight_0,weight_1,weight_2,weight_3,weight_4,weight_5,weight_6,weight_7,weight_8,0_reward,1_reward,2_reward,3_reward,3,1,0,2
547697,#7dbcc1,0.14423737673414386,-0.29360999404184085,-0.32458529528416835,0.4931388344762392,0.08981738632191735,-0.08181491294839173,-0.4131226917059285,-0.4548695662392646,0.3900124395564927,-0.4482728361642174,-0.4840355624850335,-0.5956409263735807,-0.6490833971287331,1,2,3,4
