id,choice,color,block,weights,trajectories,rewards
8744,"{3: 1, 0: 2, 2: 3, 1: 4}",#447ba0,1,"[-0.52996218 -0.10693566  0.11821612 -0.47646873 -0.4251754   0.4127166
 -0.26585973  0.14328785 -0.15615835]","[[(100, 0, 0), (88.2975414231525, -4.81320347146756, 2.601028865179927), (82.70653140027571, -4.504688506729934, 3.713724635140892), (73.00662350618414, -4.38480678806944, -12.355112260356677), (59.257737079079256, -0.27117920166436704, -18.655257686104633), (52.71571890389497, -7.538604313254581, -27.351846035858088), (41.619535209881484, 0.22127702269216343, -31.606544044837108), (31.466742637575727, 16.172632363439845, -34.20767964289983), (24.704405672367688, 20.84004174033734, -44.39331036137705), (21.056650090974983, 33.45112218380012, -43.42364785430894), (15.001045744528824, 28.248499865603975, -35.641218228876895), (0, 0, 0)], [array([100,   0,   0]), array([82.7065314 , -4.50468851,  3.71372464]), array([ 6.72232472e+01, -7.46367479e-01, -4.88426237e-02]), array([ 65.78689391,   0.63439691, -11.98451159]), array([ 59.25773708,  -0.2711792 , -18.65525769]), array([ 52.7157189 ,  -7.53860431, -27.35184604]), array([ 43.70797463, -13.04804438, -26.21606672]), array([ 30.71643811,  -4.298665  , -23.16664135]), array([0, 0, 0])], [array([100,   0,   0]), array([82.7065314 , -4.50468851,  3.71372464]), array([ 6.72232472e+01, -7.46367479e-01, -4.88426237e-02]), array([ 65.39880683, -10.92973249, -18.59120737]), array([ 52.7157189 ,  -7.53860431, -27.35184604]), array([ 43.42641539,   4.54502777, -16.56850759]), array([ 29.38865744,  14.25244744, -11.61356285]), array([26.05525769, 22.2128509 ,  5.51272756]), array([15.98759494, -6.3925757 , 13.36692248]), array([0, 0, 0])], [array([100,   0,   0]), array([ 84.65488682, -13.68933746, -12.74316011]), array([ 65.39880683, -10.92973249, -18.59120737]), array([ 52.7157189 ,  -7.53860431, -27.35184604]), array([ 41.61953521,   0.22127702, -31.60654404]), array([ 31.46674264,  16.17263236, -34.20767964]), array([ 21.05665009,  33.45112218, -43.42364785]), array([ 15.00104574,  28.24849987, -35.64121823]), array([12.57615156,  9.38280268, -9.39824088]), array([0, 0, 0])]]","[-0.476803840410874, -0.5966169760753219, -0.5982578146080396, -0.6019058141242816]"
