id,color,weight_0,weight_1,weight_2,weight_3,weight_4,weight_5,weight_6,weight_7,weight_8,0_reward,1_reward,2_reward,3_reward,0,1,3,2
926911,#7dbcc1,-0.3373377642698308,-0.16905542932790546,0.027390007406186127,-0.5209532382793374,-0.14708441564562602,-0.5024822461415798,-0.38561902733421083,-0.13284545936330863,0.3808002393694322,-1.0460937348196924,-1.0955355523766905,-1.3636533181957458,-1.4339620195961928,1,2,4,3
