id,color,weight_0,weight_1,weight_2,weight_3,weight_4,weight_5,weight_6,weight_7,weight_8,0_reward,1_reward,2_reward,3_reward,1,0,2,3
1709,#447ba0,-0.7772564129312646,0.2339907186918252,0.22316944835035898,-0.06911118854323833,-0.3952809060764202,-0.026164192326793873,0.04506144289551248,0.3568346749730827,0.0157090577936409,0.7753725824288431,0.599894042445551,0.4148235318070364,0.06309934480552498,1,2,3,4
