id,color,weight_0,weight_1,weight_2,weight_3,weight_4,weight_5,weight_6,weight_7,weight_8,0_reward,1_reward,2_reward,3_reward,1,2,0,3
1578,#447ba0,-0.5906818791787232,0.07371587018938908,0.04400671496193058,0.2046996649848941,0.049650795600926306,-0.6251847612662439,-0.35965581684601755,0.28123101197755607,-0.007613696409314502,0.07965037264215633,-0.03746692064803496,-0.34393420255835716,-0.568729213958498,2,1,3,4
