id,choice,color,block,weights,trajectories,rewards
2879,"{3: 1, 2: 2, 0: 3, 1: 4}",#f88253,15,"[-0.62464252  0.32878465  0.27071247 -0.35834851  0.09420571 -0.38207385
 -0.20042363  0.00319173  0.32401931]","[[(100, 0, 0), (95.41644009897952, -5.661559453968096, -0.5552857361335555), (90.01912438180403, 2.930395845661195, 18.557029672040585), (79.91334701127954, 24.676523991668034, 28.927894889650815), (67.62283795167193, 28.798757742384566, 38.57480670657523), (64.37780047449037, 44.6137529321274, 52.89582958083213), (52.817029640717195, 53.48796594832436, 45.3039769958294), (51.48699975325351, 69.57231518535596, 41.923746311048745), (41.34215652360881, 61.54829365546587, 22.26154430099868), (34.27604615703454, 57.86205456743156, 15.507326130784122), (0, 0, 0)], [array([100,   0,   0]), array([88.57128463, 16.96969512, -3.44056947]), array([81.82112322, 20.82152182,  9.97087504]), array([79.91334701, 24.67652399, 28.92789489]), array([67.62283795, 28.79875774, 38.57480671]), array([64.37780047, 44.61375293, 52.89582958]), array([60.17154467, 58.47595901, 53.58941322]), array([48.3536094 , 63.44265845, 55.73218427]), array([39.57367425, 55.32694861, 38.92948215]), array([28.01291745, 49.89657697, 23.33405929]), array([0, 0, 0])], [array([100,   0,   0]), array([95.4164401 , -5.66155945, -0.55528574]), array([90.01912438,  2.93039585, 18.55702967]), array([79.91334701, 24.67652399, 28.92789489]), array([67.62283795, 28.79875774, 38.57480671]), array([64.37780047, 44.61375293, 52.89582958]), array([60.17154467, 58.47595901, 53.58941322]), array([51.48699975, 69.57231519, 41.92374631]), array([32.99792357, 51.34944224, 34.56057911]), array([21.60867387, 36.18570898, 29.78779951]), array([0, 0, 0])], [array([100,   0,   0]), array([90.01912438,  2.93039585, 18.55702967]), array([84.98442455, 15.65594216, 23.97790806]), array([79.91334701, 24.67652399, 28.92789489]), array([67.62283795, 28.79875774, 38.57480671]), array([64.37780047, 44.61375293, 52.89582958]), array([60.17154467, 58.47595901, 53.58941322]), array([53.58752314, 68.90962521, 59.23819647]), array([48.3536094 , 63.44265845, 55.73218427]), array([39.57367425, 55.32694861, 38.92948215]), array([0, 0, 0])]]","[0.26703227292749127, 0.20106425183065707, 0.18133131900433355, 0.1682275779180398]"
