id,color,weight_0,weight_1,weight_2,weight_3,weight_4,weight_5,weight_6,weight_7,weight_8,0_reward,1_reward,2_reward,3_reward,0,1,2,3
5633,#5fa145,-0.5648235095521942,0.23576736627570238,0.1685388747235214,-0.07185479748512193,0.013718247226865718,0.3110142301576103,-0.20753218621983477,0.6610954440661263,-0.12159297550508949,1.0056797580156498,0.9447823991652967,0.7867867918719643,0.5932599182085148,1,2,3,4
