id,choice,color,block,weights,trajectories,rewards
2805,"{1: 1, 2: 2, 3: 3, 0: 4}",#5fa145,1,"[-0.20006046 -0.11471323  0.36861004 -0.08990811 -0.38994287  0.31453633
  0.52671564 -0.2285645   0.47138118]","[[(100, 0, 0), (58.96826796570369, -29.644224895469847, 34.47000142063982), (46.01765930498441, -25.083454296095013, 29.373631675061006), (41.674537093217445, -12.447572049755252, 21.976514341401014), (36.687550045318496, -3.194650878736155, 34.71083937341032), (0, 0, 0)], [array([100,   0,   0]), array([95.4164401 , -5.66155945, -0.55528574]), array([93.7896201 , -5.65727404, 11.18091623]), array([ 80.21880101, -17.94915963,  36.9463678 ]), array([ 67.81095085, -24.86443488,  39.3619074 ]), array([ 58.96826797, -29.6442249 ,  34.47000142]), array([ 45.58862354, -38.91250784,  40.25229148]), array([ 34.76251408, -24.19595836,  28.66315715]), array([0, 0, 0])], [array([100,   0,   0]), array([ 79.48827993,  -2.83652517, -12.50857912]), array([ 75.6513537 , -15.45385307,   5.22606888]), array([ 72.31867492, -26.61543136,  12.14645243]), array([ 71.11818237, -34.56708217,  26.26002945]), array([ 58.96826797, -29.6442249 ,  34.47000142]), array([ 51.23331023, -27.10958205,  41.69257366]), array([ 40.34504306, -20.05242506,  38.39151304]), array([ 34.76251408, -24.19595836,  28.66315715]), array([29.54210518, -8.73717503, 22.12848133]), array([0, 0, 0])], [array([100,   0,   0]), array([95.4164401 , -5.66155945, -0.55528574]), array([93.7896201 , -5.65727404, 11.18091623]), array([ 78.52249332, -11.70078392,  20.7693515 ]), array([ 77.39524692, -29.26954294,  31.16807369]), array([ 67.81095085, -24.86443488,  39.3619074 ]), array([ 58.96826797, -29.6442249 ,  34.47000142]), array([ 49.09044334, -41.26867529,  50.02033783]), array([0, 0, 0])]]","[0.7715475835654335, 0.7668016188634056, 0.7630028041223873, 0.7487366291649696]"
