id,color,weight_0,weight_1,weight_2,weight_3,weight_4,weight_5,weight_6,weight_7,weight_8,0_reward,1_reward,2_reward,3_reward,1,0,3,2
625277,#447ba0,-0.42787772471392843,0.6486541650740717,-0.27267474430765987,-0.21364192607205612,-0.45261492926975805,-0.03409114255822481,-0.2259459594216694,0.04550912781497419,-0.13049482968460308,-0.2864519722399629,-0.37025716418598664,-0.5242387338768182,-0.7858388606664628,1,2,3,4
