id,color,weight_0,weight_1,weight_2,weight_3,weight_4,weight_5,weight_6,weight_7,weight_8,0_reward,1_reward,2_reward,3_reward,2,1,0,3
3214,#5fa145,-0.07976288178778113,-0.06103588934997682,-0.19927425849967537,-0.12079090467383267,0.7120654335988047,-0.5089957833829054,-0.11409236000134874,-0.33450153470921795,-0.2111624909549918,-0.65918779575089,-0.6388527643559446,-0.7304559239138017,-0.7713048501681867,1,2,3,4
