id,color,weight_0,weight_1,weight_2,weight_3,weight_4,weight_5,weight_6,weight_7,weight_8,0_reward,1_reward,2_reward,3_reward,0,2,1,3
142796,#7dbcc1,-0.28051785259187834,-0.022789353770693833,-0.1396829595618322,-0.49287318922528206,0.4465038972989572,-0.1015573456459777,-0.3369389902443373,0.15140883761344828,0.5587691167832728,0.22097252712591164,0.1961008597687402,0.09323863964781869,-0.011979750224525932,1,2,3,4
