id,color,weight_0,weight_1,weight_2,weight_3,weight_4,weight_5,weight_6,weight_7,weight_8,0_reward,1_reward,2_reward,3_reward,2,1,0,3
5267,#e15956,-0.39202057377442634,0.6607878312002909,0.47368248164903587,0.18949267122568722,-0.01403949836973418,0.3344080584901372,-0.03359403105646505,0.15100012010219266,-0.11593659350970018,1.6881643561241715,1.6669934504766875,1.5522852461871928,1.1986605671632065,1,2,3,4
