id,color,weight_0,weight_1,weight_2,weight_3,weight_4,weight_5,weight_6,weight_7,weight_8,0_reward,1_reward,2_reward,3_reward,0,2,1,3
5753,#a57263,-0.47321435,-0.00428778,-0.1785605,0.20049368,0.08875108,-0.43351408,-0.58535344,0.40659459,-0.0141143,-0.30525909960245656,-0.34219193355178906,-0.5135736124647114,-0.7217090440717338,1,2,3,4
