id,color,weight_0,weight_1,weight_2,weight_3,weight_4,weight_5,weight_6,weight_7,weight_8,0_reward,1_reward,2_reward,3_reward,2,1,0,3
9403,#7dbcc1,-0.48025349851989935,0.32025786225466885,0.11824085065991702,0.3269187557441821,0.1589095159998084,-0.6676108848921702,0.2627296286953063,0.07070881202456751,-0.030847777995541,0.7886391723853763,0.6854472772612112,0.44587100747939523,0.2717858069240277,1,2,3,4
