id,color,weight_0,weight_1,weight_2,weight_3,weight_4,weight_5,weight_6,weight_7,weight_8,0_reward,1_reward,2_reward,3_reward,1,0,2,3
9685,#e15956,-0.7851577226643005,-0.22815752500736985,-0.18735593576286427,-0.18131936111748,-0.24317240729924644,-0.12323632768527575,-0.13118764287957238,-0.04525518919767987,0.41220661689838517,-0.3760281784935981,-0.45751113323162007,-0.7636020354916745,-1.0926697750573193,1,2,3,4
