id,color,weight_0,weight_1,weight_2,weight_3,weight_4,weight_5,weight_6,weight_7,weight_8,0_reward,1_reward,2_reward,3_reward,1,2,3,0
5342,#7dbcc1,-0.5083655728786045,-0.36822636740501485,-0.06030038044954369,-0.365434735906208,0.07776123394306587,0.05033265860100957,-0.2124391178369569,-0.6404224654924595,-0.07031077761862942,-1.291651977573099,-1.387827202403754,-1.5283078152083296,-1.5950844269179094,1,2,3,4
