id,choice,color,block,weights,trajectories,rewards
9295,"{1: 1, 3: 2, 2: 3, 0: 4}",#a57263,1,"[-0.47321435 -0.00428778 -0.1785605   0.20049368  0.08875108 -0.43351408
 -0.58535344  0.40659459 -0.0141143 ]","[[(100, 0, 0), (53.39975112831763, 18.55411682466621, 20.0088483894138), (37.24927281639052, 23.996558284214103, 10.118435816134621), (25.66140588744345, 40.345764680726745, 2.9733809114896133), (0, 0, 0)], [array([100,   0,   0]), array([70.74536342, -3.95827335, 14.17338689]), array([64.5700103 ,  9.49222291, 18.65874281]), array([53.39975113, 18.55411682, 20.00884839]), array([47.57909245, 17.99457881,  9.40475794]), array([42.47521833, 31.79797085, 12.45588893]), array([37.24927282, 23.99655828, 10.11843582]), array([25.66140589, 40.34576468,  2.97338091]), array([0, 0, 0])], [array([100,   0,   0]), array([95.4164401 , -5.66155945, -0.55528574]), array([82.7065314 , -4.50468851,  3.71372464]), array([75.11414164, -0.7057349 ,  5.23927308]), array([60.59820035, 19.55016888,  8.34681663]), array([53.39975113, 18.55411682, 20.00884839]), array([45.13984238, 26.95721736,  3.13448425]), array([ 43.477692  ,  20.32186235, -13.40989292]), array([ 36.62587796,  19.5311941 , -18.60008916]), array([ 24.75203326,  11.13406463, -26.57000199]), array([0, 0, 0])], [array([100,   0,   0]), array([66.44461953, -6.98745749, 28.69153212]), array([57.83008958,  6.99596343, 20.87383672]), array([53.39975113, 18.55411682, 20.00884839]), array([42.47521833, 31.79797085, 12.45588893]), array([35.42211052, 39.82460913,  4.14607021]), array([29.22579921, 30.18161911,  1.78549347]), array([20.50056524, 29.37856425, 13.27258613]), array([14.61329134,  9.58476848, 14.5108857 ]), array([0, 0, 0])]]","[-0.34467688760496457, -0.3421919467557315, -0.3680459650661644, -0.3733189869534823]"
