id,color,weight_0,weight_1,weight_2,weight_3,weight_4,weight_5,weight_6,weight_7,weight_8,0_reward,1_reward,2_reward,3_reward,2,0,1,3
2095,#f88253,-0.420618360031246,0.572063400404304,0.2249482498992657,0.11186989918822694,-0.1336497264484848,0.16609960967829993,-0.28334586215625274,0.13985875643256576,-0.5361066988747586,0.4986166420308447,0.4792817626250801,0.3308817540829427,-0.027671635895032368,1,2,3,4
