id,choice,color,block,weights,trajectories,rewards
3663,0,#e0c249,3,"[-0.23867146  0.33602162 -0.21999935  0.60233725 -0.55127561  0.1600244
  0.18035683  0.23662981 -0.02967586]","[[(100, 0, 0), (80.60795610008867, -0.873659579040222, 55.18620512479063), (0, 0, 0)], [array([100,   0,   0]), array([88.9323131 ,  1.95713101, 38.69598211]), array([80.6079561 , -0.87365958, 55.18620512]), array([65.6950456 , -0.88377255, 55.94080632]), array([49.6222888 , -6.84307335, 45.46353782]), array([ 40.34504306, -20.05242506,  38.39151304]), array([29.54210518, -8.73717503, 22.12848133]), array([20.46105011, -9.48056141, 25.62323355]), array([0, 0, 0])], [array([100,   0,   0]), array([80.6079561 , -0.87365958, 55.18620512]), array([74.55321032, -4.09178968, 54.8962686 ]), array([65.6950456 , -0.88377255, 55.94080632]), array([ 62.0616515 , -14.05033878,  43.79139772]), array([ 57.0434878 , -13.51099169,  42.46844635]), array([ 52.84732211, -22.10625859,  24.42158474]), array([ 46.0176593 , -25.0834543 ,  29.37363168]), array([0, 0, 0])], [array([100,   0,   0]), array([80.6079561 , -0.87365958, 55.18620512]), array([76.69148459, -1.8457479 , 39.67039736]), array([74.37864454,  2.77678792, 25.3257386 ]), array([70.74536342, -3.95827335, 14.17338689]), array([ 6.72232472e+01, -7.46367479e-01, -4.88426237e-02]), array([ 65.78689391,   0.63439691, -11.98451159]), array([0, 0, 0])]]","[0.5693353051382913, 0.5830696586138557, 0.5768088700657522, 0.5675098859112597]"
