id,color,weight_0,weight_1,weight_2,weight_3,weight_4,weight_5,weight_6,weight_7,weight_8,0_reward,1_reward,2_reward,3_reward,2,0,1,3
1210,#7dbcc1,-0.42877625524827284,0.2734497551508524,0.546990353052717,-0.2687142557178832,-0.49483929650036707,0.1383472468238847,-0.2709160380900588,0.13891005080144095,0.11520835391435297,0.4154153704215664,0.3238076699994058,0.13081680902450182,-0.12029683636955825,1,2,3,4
