id,choice,color,block,weights,trajectories,rewards
1664,"{2: 1, 1: 2, 0: 3, 3: 4}",#5fa145,3,"[ 0.37776456 -0.01504613  0.27472205  0.50036375 -0.25747824 -0.34330029
  0.53152249  0.18971902  0.16903216]","[[(100, 0, 0), (90.9249785009245, -32.52699197808515, 58.56052735808635), (85.99366541342785, -22.82281715820227, 57.250395597936006), (78.0815599774987, -25.98314495580921, 57.41079730690777), (64.92305972642254, -32.00250556753011, 49.46358891779482), (0, 0, 0)], [array([100,   0,   0]), array([ 91.85018415, -47.18204526,  57.25369545]), array([ 87.07603851, -42.36465738,  55.9700665 ]), array([ 75.22140516, -45.75128141,  55.17187736]), array([ 65.63886626, -46.48613559,  45.50803717]), array([ 58.96826797, -29.6442249 ,  34.47000142]), array([ 53.9041564 , -41.58907383,  36.13005463]), array([0, 0, 0])], [array([100,   0,   0]), array([ 84.68380574, -27.62851463,  40.99296224]), array([ 77.39524692, -29.26954294,  31.16807369]), array([ 67.81095085, -24.86443488,  39.3619074 ]), array([ 58.96826797, -29.6442249 ,  34.47000142]), array([ 53.9041564 , -41.58907383,  36.13005463]), array([ 45.58862354, -38.91250784,  40.25229148]), array([0, 0, 0])], [array([100,   0,   0]), array([88.29754142, -4.81320347,  2.60102887]), array([82.7065314 , -4.50468851,  3.71372464]), array([ 78.52249332, -11.70078392,  20.7693515 ]), array([ 72.58060842, -16.51316773,  26.04701475]), array([ 60.017534 , -47.0984691,  49.3086728]), array([ 53.37240916, -48.05414677,  52.98058225]), array([0, 0, 0])]]","[1.102252106074381, 1.1068959222030579, 1.00801533595837, 0.9039056560087305]"
