id,color,weight_0,weight_1,weight_2,weight_3,weight_4,weight_5,weight_6,weight_7,weight_8,0_reward,1_reward,2_reward,3_reward,1,2,0,3
516028,#bb8bb0,-0.6610053059604494,0.4485359711513255,0.25168830263019115,-0.13792987998828046,-0.005576432652725279,0.07340698269962956,0.12102646759406502,0.14507450381288012,0.488264390853948,1.5533838088092962,1.4785269843633586,1.3297171965969117,0.947583264709486,1,2,3,4
