id,color,weight_0,weight_1,weight_2,weight_3,weight_4,weight_5,weight_6,weight_7,weight_8,0_reward,1_reward,2_reward,3_reward,0,1,2,3
7529,#bb8bb0,-0.15366222,0.93924619,-0.02705306,-0.08587888,0.10405561,-0.16264063,0.18776331,-0.11464728,0.02046603,0.8880857042710498,0.8927398872551736,0.8547458106366042,0.5752218207008467,1,2,4,3
