id,choice,color,block,weights,trajectories,rewards
4609,"{3: 1, 1: 2, 0: 3, 2: 4}",#c3aba5,1,"[-0.11342384  0.34141245  0.64270947  0.0035271  -0.39419917  0.39930355
  0.17071531  0.12401778  0.31324786]","[[(100, 0, 0), (75.11414164101843, -0.7057349005499987, 5.239273083280324), (65.78689391192171, 0.6343969142708659, -11.984511593725685), (0, 0, 0)], [array([100,   0,   0]), array([75.11414164, -0.7057349 ,  5.23927308]), array([ 6.72232472e+01, -7.46367479e-01, -4.88426237e-02]), array([60.06174233,  2.51897254,  3.05982808]), array([ 53.64077497,  -1.11458842, -11.91640589]), array([ 47.37135187,  -8.88992167, -12.37069105]), array([ 43.70797463, -13.04804438, -26.21606672]), array([0, 0, 0])], [array([100,   0,   0]), array([75.11414164, -0.7057349 ,  5.23927308]), array([ 6.72232472e+01, -7.46367479e-01, -4.88426237e-02]), array([ 65.78689391,   0.63439691, -11.98451159]), array([ 53.64077497,  -1.11458842, -11.91640589]), array([ 43.42641539,   4.54502777, -16.56850759]), array([37.83082717,  5.97672407, -8.79088666]), array([ 18.08229264,   7.15256084, -13.70441848]), array([0, 0, 0])], [array([100,   0,   0]), array([75.11414164, -0.7057349 ,  5.23927308]), array([60.06174233,  2.51897254,  3.05982808]), array([52.77973813,  7.93417521,  8.31887743]), array([34.85528341,  3.73835726,  6.03165038]), array([34.25429914, 12.03270143,  0.94888602]), array([27.47702666,  6.23875984,  4.83815533]), array([ 23.90516487,  -0.09165349, -12.38523308]), array([12.57615156,  9.38280268, -9.39824088]), array([0, 0, 0])]]","[1.585742652943384, 1.5884958237963036, 1.585701165275161, 1.564594876397526]"
