id,choice,color,block,weights,weight_0,weight_1,weight_2,weight_3,weight_4,weight_5,weight_6,weight_7,weight_8,0_reward,1_reward,2_reward,3_reward,1,3,2,0
6223,{},#c3aba5,3,"[ 0.0766082   0.02378549  0.3562885  -0.05875298 -0.12879361 -0.19116205
  0.50145461 -0.71435754  0.21972228]",0.0766081965891439,0.023785487270796313,0.35628849811526925,-0.05875297800350842,-0.12879360505814647,-0.19116204973549877,0.5014546128764013,-0.7143575405157647,0.21972228395734023,0.1170450023852427,0.07876447996117696,0.01879846463669587,-0.07093703809081026,1,4,2,3
