id,color,weight_0,weight_1,weight_2,weight_3,weight_4,weight_5,weight_6,weight_7,weight_8,0_reward,1_reward,2_reward,3_reward,1,0,2,3
753205,#5fa145,-0.20641587821398102,0.3587751198221726,0.20451319208896152,-0.17240199847874213,0.4453347290816295,-0.6480957219895007,-0.15026864622914693,-0.16882598398200876,0.2961263904239563,0.06537317375482146,0.0647069122635521,-0.08286016585126929,-0.19680453197264827,1,2,3,4
