id,color,weight_0,weight_1,weight_2,weight_3,weight_4,weight_5,weight_6,weight_7,weight_8,0_reward,1_reward,2_reward,3_reward,1,3,2,0
336,#f88253,-0.14114951,0.55765981,0.09466557,-0.02095852,-0.51432286,0.0225462,-0.2828992,0.53070293,-0.18159747,0.17707842606329802,0.14710244398717817,0.0800241577612875,-0.20655663024509238,1,4,3,2
