id,color,weight_0,weight_1,weight_2,weight_3,weight_4,weight_5,weight_6,weight_7,weight_8,0_reward,1_reward,2_reward,3_reward,2,1,0,3
8226,#5fa145,-0.14239641293556532,0.4801206141163094,0.18831961060193908,-0.6022442892188515,0.04598821065861703,0.10903383697121023,0.16542840542678838,-0.4878353288950356,0.2677533179724445,0.06000310522889999,0.004227786235445922,-0.08386042491123245,-0.20134074316810377,1,2,3,4
