id,color,weight_0,weight_1,weight_2,weight_3,weight_4,weight_5,weight_6,weight_7,weight_8,0_reward,1_reward,2_reward,3_reward,0,1,3,2
638728,#bb8bb0,-0.2698853768621144,0.3650718595800001,0.10614456863286659,0.5335779101237517,-0.18451218140176256,-0.3542258131471196,0.10057702358516434,0.3627246178321267,0.443516411462326,1.5324778060779267,1.522828052995032,1.386264919489899,1.1267888958581278,1,2,3,4
