id,color,weight_0,weight_1,weight_2,weight_3,weight_4,weight_5,weight_6,weight_7,weight_8,0_reward,1_reward,2_reward,3_reward,0,1,2,3
8221,#c3aba5,-0.11342384,0.34141245,0.64270947,0.0035271,-0.39419917,0.39930355,0.17071531,0.12401778,0.31324786,1.5857426511739805,1.5884958216543648,1.5019036632214227,1.2386027404746078,1,2,3,4
