id,color,weight_0,weight_1,weight_2,weight_3,weight_4,weight_5,weight_6,weight_7,weight_8,0_reward,1_reward,2_reward,3_reward,1,0,2,3
5161,#bb8bb0,-0.8656508277926699,0.2002073566798345,0.217215661849646,-0.07365926422660588,-0.24619538631059018,-0.029951804344316522,0.18211856246956779,-0.13342794382087722,-0.21325539126034837,0.25457100015017836,0.11243735481664666,-0.08241003514677392,-0.32729261893677675,1,2,3,4
