id,color,weight_0,weight_1,weight_2,weight_3,weight_4,weight_5,weight_6,weight_7,weight_8,0_reward,1_reward,2_reward,3_reward,1,0,2,3
40341,#f88253,-0.7053717336580534,0.5805219542561321,0.14854984479184027,-0.15027320434148056,0.01656067760035812,0.12807165027552692,-0.12928657322729845,0.23954300022564262,0.17327266094597182,1.0698396971464088,1.0160442147201145,0.788989472547805,0.18440966568697925,1,2,3,4
