id,color,weight_0,weight_1,weight_2,weight_3,weight_4,weight_5,weight_6,weight_7,weight_8,0_reward,1_reward,2_reward,3_reward,0,1,2,3
618386,#e0c249,-0.3773474543443234,-0.04363967551764301,-0.1136577771993202,0.5606923677078511,0.2879515192446003,0.07064999110343374,0.2671414861908467,-0.1475855663614692,-0.5893699043692073,0.5303476716211444,0.49019641012573173,0.41903608091021116,0.32466961294549024,1,2,3,4
618386,#e0c249,-0.3773474543443234,-0.04363967551764301,-0.1136577771993202,0.5606923677078511,0.2879515192446003,0.07064999110343374,0.2671414861908467,-0.1475855663614692,-0.5893699043692073,0.5303476716211444,0.49019641012573173,0.41903608091021116,0.32466961294549024,1,2,3,4
