id,color,weight_0,weight_1,weight_2,weight_3,weight_4,weight_5,weight_6,weight_7,weight_8,0_reward,1_reward,2_reward,3_reward,2,1,0,3
84360,#a57263,-0.25707876833899074,0.8543266782140272,0.007689290352687498,-0.26188441704889026,-0.15066888015769933,-0.12790482417762397,0.07521151535026499,-0.10540689172362169,0.2820739625026134,0.63477592041998,0.6180098903118325,0.5118761331110667,0.0091101625556594,1,2,3,4
