id,choice,color,block,weights,trajectories,rewards
1268,"{2: 1, 3: 2, 1: 3, 0: 4}",#f88253,1,"[-0.14114951  0.55765981  0.09466557 -0.02095852 -0.51432286  0.0225462
 -0.2828992   0.53070293 -0.18159747]","[[(100, 0, 0), (88.57128463496686, 16.969695118050055, -3.440569471323755), (81.82112321822387, 20.82152181720619, 9.970875043382222), (79.91334701127954, 24.676523991668034, 28.927894889650815), (67.62283795167193, 28.798757742384566, 38.57480670657523), (64.37780047449037, 44.6137529321274, 52.89582958083213), (63.6663552362185, 56.29026017815417, 29.37177403877226), (52.73776296046913, 67.93403422980845, 20.930358244105662), (51.978342019139475, 70.74310331987252, 6.683156139106529), (0, 0, 0)], [array([100,   0,   0]), array([66.71280011, 42.9896067 , 33.4155414 ]), array([53.84251363, 29.02576551, 32.28468397]), array([37.93357682, 28.1347753 , 25.09103106]), array([34.25429914, 12.03270143,  0.94888602]), array([ 23.90516487,  -0.09165349, -12.38523308]), array([11.87689094, -3.88381468, -8.40523079]), array([0, 0, 0])], [array([100,   0,   0]), array([64.37780047, 44.61375293, 52.89582958]), array([59.1565544 , 50.32589278, 39.21133772]), array([47.57444293, 55.27018534, 29.01697097]), array([41.34215652, 61.54829366, 22.2615443 ]), array([0, 0, 0])], [array([100,   0,   0]), array([65.3900926 , 52.50170259, 42.12206506]), array([59.1565544 , 50.32589278, 39.21133772]), array([52.74542966, 44.6638456 , 28.57047347]), array([47.57444293, 55.27018534, 29.01697097]), array([41.34215652, 61.54829366, 22.2615443 ]), array([28.01291745, 49.89657697, 23.33405929]), array([0, 0, 0])]]","[0.17157093389493527, 0.1471024504073705, 0.13181611898529666, 0.13136991092148306]"
