id,color,weight_0,weight_1,weight_2,weight_3,weight_4,weight_5,weight_6,weight_7,weight_8,0_reward,1_reward,2_reward,3_reward,1,0,2,3
9389,#447ba0,-0.52996218,-0.10693566,0.11821612,-0.47646873,-0.4251754,0.4127166,-0.26585973,0.14328785,-0.15615835,-0.49623519253959786,-0.5966169790052182,-0.6696701289311261,-0.8074877112259382,1,2,3,4
