id,choice,weights,trajectories,rewards
1549,1,"[ 0.58321339  0.27748829  0.01145436 -0.00898663  0.58144736  0.18668205
  0.07861324 -0.30407297  0.33328487]","[[(100, 0, 0), (84.00877327544455, 5.988070848526803, 67.43046556087677), (77.55016228159252, -7.163161279083553, 68.42796093209259), (72.04698383391391, -26.88448489223083, 58.439113256533005), (64.92305972642254, -32.00250556753011, 49.46358891779482), (0, 0, 0)], [array([100,   0,   0]), array([ 78.20489874,  11.95976067, -21.99829455]), array([73.66856851, 10.00896082, -8.22569993]), array([ 67.89942335, -21.92615737,  19.30818861]), array([ 63.07845573, -23.72365317,  22.10158458]), array([ 58.96826797, -29.6442249 ,  34.47000142]), array([0, 0, 0])], [array([100,   0,   0]), array([ 79.48827993,  -2.83652517, -12.50857912]), array([ 75.6513537 , -15.45385307,   5.22606888]), array([ 72.31867492, -26.61543136,  12.14645243]), array([ 71.11818237, -34.56708217,  26.26002945]), array([ 58.96826797, -29.6442249 ,  34.47000142]), array([ 51.23331023, -27.10958205,  41.69257366]), array([ 40.34504306, -20.05242506,  38.39151304]), array([ 34.76251408, -24.19595836,  28.66315715]), array([29.54210518, -8.73717503, 22.12848133]), array([0, 0, 0])], [array([100,   0,   0]), array([ 58.96826797, -29.6442249 ,  34.47000142]), array([ 46.0176593 , -25.0834543 ,  29.37363168]), array([ 41.67453709, -12.44757205,  21.97651434]), array([29.54210518, -8.73717503, 22.12848133]), array([27.47702666,  6.23875984,  4.83815533]), array([23.20801106, 20.29930744, -8.13760284]), array([ 9.84177887, 19.36172022, -7.09269089]), array([0, 0, 0])]]","[-0.246650817167108, 0.028468955337704317, -0.008744294349272532, -0.00983331594812421]"
