id,color,weight_0,weight_1,weight_2,weight_3,weight_4,weight_5,weight_6,weight_7,weight_8,0_reward,1_reward,2_reward,3_reward,3,1,2,0
712092,#e15956,-0.6384091580201335,0.5761639504421868,0.10645996124753429,0.23517460694817244,0.08273422910913708,-0.0547380558873856,-0.13436236481941613,-0.2288123979309217,0.33701404141288444,1.191201068544116,1.173773691417635,0.9407145261234946,0.4070008203543951,4,1,2,3
