id,color,weight_0,weight_1,weight_2,weight_3,weight_4,weight_5,weight_6,weight_7,weight_8,0_reward,1_reward,2_reward,3_reward,3,0,1,2
565521,#447ba0,0.021089896665062745,0.29177774919944954,-0.23430528721017202,0.34924935627667925,-0.33537610805568974,0.030311211081278946,0.35494118430526395,0.43812299351069434,0.5533678484750024,1.4762951087549034,1.4790424117642782,1.4485041845552935,1.16133194160277,4,1,2,3
