id,color,weight_0,weight_1,weight_2,weight_3,weight_4,weight_5,weight_6,weight_7,weight_8,0_reward,1_reward,2_reward,3_reward,0,1,2,3
7984,#447ba0,-0.3382665753170108,0.5208113849432828,0.3132486864248733,-0.04247411546328144,-0.3307678915956706,0.47864741530090793,0.38280475947737624,0.1260077071075125,-0.11607869266818183,1.3585623848865258,1.3574922129520879,1.2870846072475601,1.0141421131879929,1,2,3,4
