id,choice,color,block,weights,trajectories,rewards
2441,"{1: 1, 3: 2, 0: 3, 2: 4}",#bb8bb0,1,"[-0.15366222  0.93924619 -0.02705306 -0.08587888  0.10405561 -0.16264063
  0.18776331 -0.11464728  0.02046603]","[[(100, 0, 0), (65.11527221896569, 27.01168885400716, -9.094152476696507), (47.45650840298987, 29.28877336027503, -18.348450145905687), (35.26002217731069, 34.71204612634526, -26.600559250218794), (0, 0, 0)], [array([100,   0,   0]), array([81.82112322, 20.82152182,  9.97087504]), array([81.47556031, 12.05584168, -1.22185421]), array([73.66856851, 10.00896082, -8.22569993]), array([65.11527222, 27.01168885, -9.09415248]), array([ 47.4565084 ,  29.28877336, -18.34845015]), array([ 40.2502224 ,  38.05725113, -23.94571397]), array([ 31.17578311,  46.04964637, -20.31874845]), array([ 22.68414526,  39.64323761, -19.08887407]), array([0, 0, 0])], [array([100,   0,   0]), array([81.47556031, 12.05584168, -1.22185421]), array([73.66856851, 10.00896082, -8.22569993]), array([65.11527222, 27.01168885, -9.09415248]), array([ 54.46770386,  34.27225447, -16.2455712 ]), array([ 40.2502224 ,  38.05725113, -23.94571397]), array([ 34.28991269,  41.72146388, -30.47864026]), array([ 26.77722725,  34.95255224, -33.9890485 ]), array([ 21.05076016,  24.20656054, -27.83597589]), array([  8.55859653,  23.03018923, -20.72218012]), array([0, 0, 0])], [array([100,   0,   0]), array([73.66856851, 10.00896082, -8.22569993]), array([65.11527222, 27.01168885, -9.09415248]), array([ 59.23112237,  23.54508203, -20.90277477]), array([ 52.35360006,  22.15063102, -39.33396097]), array([ 45.49848931,  16.85211599, -44.70206337]), array([ 39.77840489,  12.01332366, -48.02263115]), array([ 24.70440567,  20.84004174, -44.39331036]), array([ 18.05488083,  15.05815008, -38.03897065]), array([ 14.43058818,  10.83605261, -27.81257108]), array([0, 0, 0])]]","[0.8690810258726933, 0.892739887933092, 0.8921349110393727, 0.8903114780696995]"
