id,color,weight_0,weight_1,weight_2,weight_3,weight_4,weight_5,weight_6,weight_7,weight_8,0_reward,1_reward,2_reward,3_reward,1,0,3,2
2307,#5fa145,-0.6355857963497674,-0.22885411159947294,-0.04253010007620935,0.3351931483292808,-0.2919764450788827,-0.058441040451458835,-0.248443051802002,0.5258105306873445,-0.05125398640798939,0.14016790082891536,0.10898227719997847,-0.09750669016744669,-0.29014196913392,1,2,4,3
