id,color
3098,#e15956
3098,#e15956,-0.7167126748563649,0.3510427422721145,-0.21843503083917742,0.23680708541970152,0.41369100256993707,-0.04517798581593192,0.09500948703234995,-0.13544241980375787,0.24237930744490171,1.1678727270554554,1.1374818600864258,0.8779521156194837,0.43417182266230114,1,2,3,4
