id,color,weight_0,weight_1,weight_2,weight_3,weight_4,weight_5,weight_6,weight_7,weight_8,0_reward,1_reward,2_reward,3_reward,1,2,0,3
647,#f88253,-0.76413362,0.53954576,-0.14618168,0.18320983,-0.19100938,0.12050683,0.0728055,0.07317013,-0.09162029,0.7281783511848563,0.666752534969216,0.4054223235191212,-0.09220385539531481,2,1,3,4
