id,color,weight_0,weight_1,weight_2,weight_3,weight_4,weight_5,weight_6,weight_7,weight_8,0_reward,1_reward,2_reward,3_reward,1,0,2,3
622815,#bb8bb0,-0.3289943181693399,0.29457634204785904,0.34388130504158504,0.24428915191269446,-0.2675414411187377,-0.5192552850367846,-0.48286581010071217,-0.22697798364258825,-0.03425063855567184,-0.21904307945333823,-0.23898468146462234,-0.43191616247582426,-0.6654702295296797,2,1,3,4
