id,choice,color,block,weights,trajectories,rewards
3128,"{1: 1, 2: 2, 0: 3, 3: 4}",#447ba0,1,"[ 0.37785071 -0.34765632 -0.41746204 -0.4554302  -0.45749552  0.11195241
 -0.34550528  0.03635855  0.11018791]","[[(100, 0, 0), (90.35565968105638, -51.82511610695619, 27.301635630979746), (85.01691213217556, -46.84712948315372, 17.786342259078765), (84.89715057872216, -40.79231547787339, 5.485707032513119), (84.54961078077137, -47.48633699784705, -13.222387410607709), (80.6578636276149, -29.886793639834806, -21.479689439428157), (68.54582306997928, -25.320943448720783, -28.64253651837744), (57.67597540373936, -19.39054639310109, -28.22712372692098), (52.71571890389497, -7.538604313254581, -27.351846035858088), (39.190779247186846, -6.926690363536409, -11.966940856256201), (34.85528340837616, 3.738357262947602, 6.03165037875317), (27.477026661272614, 6.238759837678771, 4.838155333653731), (0, 0, 0)], [array([100,   0,   0]), array([ 90.35565968, -51.82511611,  27.30163563]), array([ 85.01691213, -46.84712948,  17.78634226]), array([ 84.89715058, -40.79231548,   5.48570703]), array([ 73.14686334, -36.89173999,  -5.33677984]), array([ 69.89196319, -24.29036112,  -9.90313697]), array([ 54.22549423, -17.58693028, -14.3292002 ]), array([ 52.7157189 ,  -7.53860431, -27.35184604]), array([0, 0, 0])], [array([100,   0,   0]), array([ 89.24826836, -53.58044416,   4.97539793]), array([ 77.41325945, -49.65907683,  -0.33750115]), array([ 74.16318561, -35.63114503, -20.97650349]), array([ 68.54582307, -25.32094345, -28.64253652]), array([ 57.6759754 , -19.39054639, -28.22712373]), array([ 52.7157189 ,  -7.53860431, -27.35184604]), array([ 43.70797463, -13.04804438, -26.21606672]), array([0, 0, 0])], [array([100,   0,   0]), array([ 89.24826836, -53.58044416,   4.97539793]), array([ 77.41325945, -49.65907683,  -0.33750115]), array([ 74.16318561, -35.63114503, -20.97650349]), array([ 68.54582307, -25.32094345, -28.64253652]), array([ 57.6759754 , -19.39054639, -28.22712373]), array([ 52.7157189 ,  -7.53860431, -27.35184604]), array([ 43.70797463, -13.04804438, -26.21606672]), array([0, 0, 0])]]","[-1.2214238391401135, -1.3014475963067664, -1.3078172760290712, -1.3078172760290712]"
